{"cameraMode":{"drawMode":0,"name":"Shaded","section":"Shading Mode"},"sceneLighting":false,"audioPlay":false,"sceneViewState":{"m_AlwaysRefresh":false,"showFog":true,"showSkybox":false,"showFlares":true,"showImageEffects":true,"showParticleSystems":true,"showVisualEffectGraphs":true,"m_FxEnabled":true},"in2DMode":false,"pivot":{"x":-0.46626803278923037,"y":0.7719913125038147,"z":-0.37864255905151369},"rotation":{"x":-0.09277898818254471,"y":0.8962474465370178,"z":-0.2229662835597992,"w":-0.3721995949745178},"size":0.9022051095962524,"orthographic":false}