{"cameraMode":{"drawMode":0,"name":"Shaded","section":"Shading Mode"},"sceneLighting":false,"audioPlay":false,"sceneViewState":{"m_AlwaysRefresh":false,"showFog":false,"showSkybox":false,"showFlares":false,"showImageEffects":false,"showParticleSystems":false,"showVisualEffectGraphs":true,"m_FxEnabled":true},"in2DMode":false,"pivot":{"x":0.06643267720937729,"y":0.3302968144416809,"z":-0.7260403633117676},"rotation":{"x":-0.0005416833446361125,"y":-0.9740526080131531,"z":0.22633114457130433,"w":-0.002331195864826441},"size":1.245090126991272,"orthographic":false}