{"cameraMode":{"drawMode":0,"name":"Shaded","section":"Shading Mode"},"sceneLighting":false,"audioPlay":false,"sceneViewState":{"m_AlwaysRefresh":false,"showFog":false,"showSkybox":false,"showFlares":false,"showImageEffects":false,"showParticleSystems":false,"showVisualEffectGraphs":true,"m_FxEnabled":true},"in2DMode":false,"pivot":{"x":0.000004470348358154297,"y":0.8467212915420532,"z":-0.024951159954071046},"rotation":{"x":-0.0869515910744667,"y":0.8475854396820068,"z":-0.1466284841299057,"w":-0.5025460720062256},"size":1.3096524477005005,"orthographic":false}